[
{
   "model": "admin.logentry",
   "pk": 1,
   "fields": {
      "action_time": "2022-09-07T15:28:15.694Z",
      "user": 1,
      "content_type": 13,
      "object_id": "1",
      "object_repr": "adidas pants",
      "action_flag": 1,
      "change_message": "[{\"added\": {}}]"
   }
},
{
   "model": "admin.logentry",
   "pk": 2,
   "fields": {
      "action_time": "2022-09-07T15:28:43.558Z",
      "user": 1,
      "content_type": 13,
      "object_id": "1",
      "object_repr": "pants",
      "action_flag": 2,
      "change_message": "[{\"changed\": {\"fields\": [\"Seo title\", \"Seo description\", \"Name\", \"Slug\", \"Description\"]}}]"
   }
},
{
   "model": "admin.logentry",
   "pk": 3,
   "fields": {
      "action_time": "2022-09-07T15:28:59.759Z",
      "user": 1,
      "content_type": 13,
      "object_id": "2",
      "object_repr": "skirt",
      "action_flag": 1,
      "change_message": "[{\"added\": {}}]"
   }
},
{
   "model": "admin.logentry",
   "pk": 4,
   "fields": {
      "action_time": "2022-09-07T15:30:00.869Z",
      "user": 1,
      "content_type": 15,
      "object_id": "1",
      "object_repr": "color",
      "action_flag": 1,
      "change_message": "[{\"added\": {}}, {\"added\": {\"name\": \"attribute value\", \"object\": \"yellow\"}}, {\"added\": {\"name\": \"attribute value\", \"object\": \"red\"}}]"
   }
},
{
   "model": "admin.logentry",
   "pk": 5,
   "fields": {
      "action_time": "2022-09-07T15:31:53.591Z",
      "user": 1,
      "content_type": 15,
      "object_id": "2",
      "object_repr": "length",
      "action_flag": 1,
      "change_message": "[{\"added\": {}}, {\"added\": {\"name\": \"attribute value\", \"object\": \"short\"}}, {\"added\": {\"name\": \"attribute value\", \"object\": \"midi\"}}]"
   }
},
{
   "model": "admin.logentry",
   "pk": 6,
   "fields": {
      "action_time": "2022-09-07T15:32:33.074Z",
      "user": 1,
      "content_type": 11,
      "object_id": "1",
      "object_repr": "Pants",
      "action_flag": 1,
      "change_message": "[{\"added\": {}}]"
   }
},
{
   "model": "admin.logentry",
   "pk": 7,
   "fields": {
      "action_time": "2022-09-07T15:32:42.885Z",
      "user": 1,
      "content_type": 11,
      "object_id": "2",
      "object_repr": "skirt",
      "action_flag": 1,
      "change_message": "[{\"added\": {}}]"
   }
},
{
   "model": "admin.logentry",
   "pk": 8,
   "fields": {
      "action_time": "2022-09-07T15:32:58.386Z",
      "user": 1,
      "content_type": 17,
      "object_id": "1",
      "object_repr": "AttributeProduct object (1)",
      "action_flag": 1,
      "change_message": "[{\"added\": {}}]"
   }
},
{
   "model": "admin.logentry",
   "pk": 9,
   "fields": {
      "action_time": "2022-09-07T15:33:05.537Z",
      "user": 1,
      "content_type": 17,
      "object_id": "2",
      "object_repr": "AttributeProduct object (2)",
      "action_flag": 1,
      "change_message": "[{\"added\": {}}]"
   }
},
{
   "model": "admin.logentry",
   "pk": 10,
   "fields": {
      "action_time": "2022-09-07T15:33:18.859Z",
      "user": 1,
      "content_type": 17,
      "object_id": "1",
      "object_repr": "AttributeProduct object (1)",
      "action_flag": 2,
      "change_message": "[]"
   }
},
{
   "model": "admin.logentry",
   "pk": 11,
   "fields": {
      "action_time": "2022-09-07T15:33:24.857Z",
      "user": 1,
      "content_type": 17,
      "object_id": "3",
      "object_repr": "AttributeProduct object (3)",
      "action_flag": 1,
      "change_message": "[{\"added\": {}}]"
   }
},
{
   "model": "admin.logentry",
   "pk": 12,
   "fields": {
      "action_time": "2022-09-07T15:34:10.589Z",
      "user": 1,
      "content_type": 10,
      "object_id": "1",
      "object_repr": "adidas pants",
      "action_flag": 1,
      "change_message": "[{\"added\": {}}]"
   }
},
{
   "model": "admin.logentry",
   "pk": 13,
   "fields": {
      "action_time": "2022-09-07T15:34:52.577Z",
      "user": 1,
      "content_type": 14,
      "object_id": "1",
      "object_repr": "AssignedProductAttribute object (1)",
      "action_flag": 1,
      "change_message": "[{\"added\": {}}]"
   }
},
{
   "model": "admin.logentry",
   "pk": 14,
   "fields": {
      "action_time": "2022-09-07T15:35:09.442Z",
      "user": 1,
      "content_type": 18,
      "object_id": "1",
      "object_repr": "AssignedProductAttributeValue object (1)",
      "action_flag": 1,
      "change_message": "[{\"added\": {}}]"
   }
},
{
   "model": "admin.logentry",
   "pk": 15,
   "fields": {
      "action_time": "2022-09-09T18:48:25.378Z",
      "user": 1,
      "content_type": 10,
      "object_id": "1",
      "object_repr": "adidas pants",
      "action_flag": 2,
      "change_message": "[{\"changed\": {\"fields\": [\"Main image\"]}}]"
   }
},
{
   "model": "admin.logentry",
   "pk": 16,
   "fields": {
      "action_time": "2022-09-09T18:49:50.795Z",
      "user": 1,
      "content_type": 10,
      "object_id": "2",
      "object_repr": "Dior skirt",
      "action_flag": 1,
      "change_message": "[{\"added\": {}}]"
   }
},
{
   "model": "admin.logentry",
   "pk": 17,
   "fields": {
      "action_time": "2022-09-10T16:47:41.219Z",
      "user": 1,
      "content_type": 15,
      "object_id": "1",
      "object_repr": "color",
      "action_flag": 2,
      "change_message": "[{\"changed\": {\"fields\": [\"Input type\"]}}, {\"changed\": {\"name\": \"attribute value\", \"object\": \"yellow\", \"fields\": [\"Value\"]}}]"
   }
},
{
   "model": "admin.logentry",
   "pk": 18,
   "fields": {
      "action_time": "2022-09-10T16:47:53.160Z",
      "user": 1,
      "content_type": 15,
      "object_id": "1",
      "object_repr": "color",
      "action_flag": 2,
      "change_message": "[{\"changed\": {\"name\": \"attribute value\", \"object\": \"red\", \"fields\": [\"Value\"]}}]"
   }
},
{
   "model": "admin.logentry",
   "pk": 19,
   "fields": {
      "action_time": "2022-09-10T16:48:14.931Z",
      "user": 1,
      "content_type": 15,
      "object_id": "2",
      "object_repr": "length",
      "action_flag": 2,
      "change_message": "[{\"changed\": {\"fields\": [\"Input type\"]}}, {\"changed\": {\"name\": \"attribute value\", \"object\": \"short\", \"fields\": [\"Value\"]}}, {\"changed\": {\"name\": \"attribute value\", \"object\": \"midi\", \"fields\": [\"Value\"]}}]"
   }
},
{
   "model": "admin.logentry",
   "pk": 20,
   "fields": {
      "action_time": "2022-09-10T17:01:15.075Z",
      "user": 1,
      "content_type": 15,
      "object_id": "2",
      "object_repr": "length",
      "action_flag": 2,
      "change_message": "[{\"changed\": {\"fields\": [\"Image value\"]}}, {\"changed\": {\"name\": \"attribute value\", \"object\": \"short\", \"fields\": [\"Picture\"]}}, {\"changed\": {\"name\": \"attribute value\", \"object\": \"midi\", \"fields\": [\"Picture\"]}}]"
   }
},
{
   "model": "admin.logentry",
   "pk": 21,
   "fields": {
      "action_time": "2022-09-10T17:25:59.662Z",
      "user": 1,
      "content_type": 15,
      "object_id": "3",
      "object_repr": "Material",
      "action_flag": 1,
      "change_message": "[{\"added\": {}}, {\"added\": {\"name\": \"attribute value\", \"object\": \"Wool\"}}, {\"added\": {\"name\": \"attribute value\", \"object\": \"Cotton\"}}]"
   }
},
{
   "model": "admin.logentry",
   "pk": 22,
   "fields": {
      "action_time": "2022-09-10T17:26:14.245Z",
      "user": 1,
      "content_type": 11,
      "object_id": "1",
      "object_repr": "Pants",
      "action_flag": 2,
      "change_message": "[{\"added\": {\"name\": \"attribute product\", \"object\": \"AttributeProduct object (4)\"}}]"
   }
},
{
   "model": "admin.logentry",
   "pk": 23,
   "fields": {
      "action_time": "2022-09-10T17:26:20.616Z",
      "user": 1,
      "content_type": 11,
      "object_id": "2",
      "object_repr": "skirt",
      "action_flag": 2,
      "change_message": "[{\"added\": {\"name\": \"attribute product\", \"object\": \"AttributeProduct object (5)\"}}]"
   }
},
{
   "model": "admin.logentry",
   "pk": 24,
   "fields": {
      "action_time": "2022-09-11T06:30:27.731Z",
      "user": 1,
      "content_type": 15,
      "object_id": "2",
      "object_repr": "length",
      "action_flag": 2,
      "change_message": "[{\"changed\": {\"fields\": [\"Input type\"]}}]"
   }
},
{
   "model": "admin.logentry",
   "pk": 25,
   "fields": {
      "action_time": "2022-09-11T06:31:07.996Z",
      "user": 1,
      "content_type": 15,
      "object_id": "2",
      "object_repr": "length",
      "action_flag": 2,
      "change_message": "[{\"changed\": {\"fields\": [\"Input type\"]}}]"
   }
},
{
   "model": "admin.logentry",
   "pk": 26,
   "fields": {
      "action_time": "2022-09-11T06:33:38.665Z",
      "user": 1,
      "content_type": 15,
      "object_id": "4",
      "object_repr": "Pocket",
      "action_flag": 1,
      "change_message": "[{\"added\": {}}, {\"added\": {\"name\": \"attribute value\", \"object\": \"pocket2\"}}, {\"added\": {\"name\": \"attribute value\", \"object\": \"pocket1\"}}]"
   }
},
{
   "model": "admin.logentry",
   "pk": 27,
   "fields": {
      "action_time": "2022-09-11T06:33:50.068Z",
      "user": 1,
      "content_type": 11,
      "object_id": "1",
      "object_repr": "Pants",
      "action_flag": 2,
      "change_message": "[{\"added\": {\"name\": \"attribute product\", \"object\": \"AttributeProduct object (6)\"}}]"
   }
},
{
   "model": "admin.logentry",
   "pk": 28,
   "fields": {
      "action_time": "2022-09-11T06:44:08.909Z",
      "user": 1,
      "content_type": 15,
      "object_id": "5",
      "object_repr": "Hijab",
      "action_flag": 1,
      "change_message": "[{\"added\": {}}, {\"added\": {\"name\": \"attribute value\", \"object\": \"Hijab\"}}]"
   }
},
{
   "model": "admin.logentry",
   "pk": 29,
   "fields": {
      "action_time": "2022-09-11T06:44:41.511Z",
      "user": 1,
      "content_type": 15,
      "object_id": "5",
      "object_repr": "Hijab",
      "action_flag": 2,
      "change_message": "[{\"added\": {\"name\": \"attribute value\", \"object\": \"nohijab\"}}]"
   }
},
{
   "model": "admin.logentry",
   "pk": 30,
   "fields": {
      "action_time": "2022-09-11T06:44:55.220Z",
      "user": 1,
      "content_type": 11,
      "object_id": "1",
      "object_repr": "Pants",
      "action_flag": 2,
      "change_message": "[{\"added\": {\"name\": \"attribute product\", \"object\": \"AttributeProduct object (7)\"}}]"
   }
},
{
   "model": "admin.logentry",
   "pk": 31,
   "fields": {
      "action_time": "2022-09-11T06:45:02.703Z",
      "user": 1,
      "content_type": 11,
      "object_id": "2",
      "object_repr": "skirt",
      "action_flag": 2,
      "change_message": "[{\"added\": {\"name\": \"attribute product\", \"object\": \"AttributeProduct object (8)\"}}]"
   }
},
{
   "model": "admin.logentry",
   "pk": 32,
   "fields": {
      "action_time": "2022-09-13T05:24:36.254Z",
      "user": 1,
      "content_type": 10,
      "object_id": "1",
      "object_repr": "adidas pants",
      "action_flag": 3,
      "change_message": ""
   }
},
{
   "model": "admin.logentry",
   "pk": 33,
   "fields": {
      "action_time": "2022-09-13T05:24:36.256Z",
      "user": 1,
      "content_type": 10,
      "object_id": "2",
      "object_repr": "Dior skirt",
      "action_flag": 3,
      "change_message": ""
   }
},
{
   "model": "admin.logentry",
   "pk": 34,
   "fields": {
      "action_time": "2022-09-13T05:24:36.258Z",
      "user": 1,
      "content_type": 10,
      "object_id": "3",
      "object_repr": "test1",
      "action_flag": 3,
      "change_message": ""
   }
},
{
   "model": "admin.logentry",
   "pk": 35,
   "fields": {
      "action_time": "2022-09-13T05:24:36.259Z",
      "user": 1,
      "content_type": 10,
      "object_id": "4",
      "object_repr": "tets2",
      "action_flag": 3,
      "change_message": ""
   }
},
{
   "model": "admin.logentry",
   "pk": 36,
   "fields": {
      "action_time": "2022-09-13T05:24:36.260Z",
      "user": 1,
      "content_type": 10,
      "object_id": "5",
      "object_repr": "test3",
      "action_flag": 3,
      "change_message": ""
   }
},
{
   "model": "admin.logentry",
   "pk": 37,
   "fields": {
      "action_time": "2022-09-13T05:24:36.261Z",
      "user": 1,
      "content_type": 10,
      "object_id": "6",
      "object_repr": "test4",
      "action_flag": 3,
      "change_message": ""
   }
},
{
   "model": "admin.logentry",
   "pk": 38,
   "fields": {
      "action_time": "2022-09-13T05:24:56.843Z",
      "user": 1,
      "content_type": 17,
      "object_id": "1",
      "object_repr": "AttributeProduct object (1)",
      "action_flag": 3,
      "change_message": ""
   }
},
{
   "model": "admin.logentry",
   "pk": 39,
   "fields": {
      "action_time": "2022-09-13T05:24:56.845Z",
      "user": 1,
      "content_type": 17,
      "object_id": "2",
      "object_repr": "AttributeProduct object (2)",
      "action_flag": 3,
      "change_message": ""
   }
},
{
   "model": "admin.logentry",
   "pk": 40,
   "fields": {
      "action_time": "2022-09-13T05:24:56.846Z",
      "user": 1,
      "content_type": 17,
      "object_id": "3",
      "object_repr": "AttributeProduct object (3)",
      "action_flag": 3,
      "change_message": ""
   }
},
{
   "model": "admin.logentry",
   "pk": 41,
   "fields": {
      "action_time": "2022-09-13T05:24:56.847Z",
      "user": 1,
      "content_type": 17,
      "object_id": "4",
      "object_repr": "AttributeProduct object (4)",
      "action_flag": 3,
      "change_message": ""
   }
},
{
   "model": "admin.logentry",
   "pk": 42,
   "fields": {
      "action_time": "2022-09-13T05:24:56.848Z",
      "user": 1,
      "content_type": 17,
      "object_id": "5",
      "object_repr": "AttributeProduct object (5)",
      "action_flag": 3,
      "change_message": ""
   }
},
{
   "model": "admin.logentry",
   "pk": 43,
   "fields": {
      "action_time": "2022-09-13T05:24:56.850Z",
      "user": 1,
      "content_type": 17,
      "object_id": "6",
      "object_repr": "AttributeProduct object (6)",
      "action_flag": 3,
      "change_message": ""
   }
},
{
   "model": "admin.logentry",
   "pk": 44,
   "fields": {
      "action_time": "2022-09-13T05:24:56.851Z",
      "user": 1,
      "content_type": 17,
      "object_id": "7",
      "object_repr": "AttributeProduct object (7)",
      "action_flag": 3,
      "change_message": ""
   }
},
{
   "model": "admin.logentry",
   "pk": 45,
   "fields": {
      "action_time": "2022-09-13T05:24:56.852Z",
      "user": 1,
      "content_type": 17,
      "object_id": "8",
      "object_repr": "AttributeProduct object (8)",
      "action_flag": 3,
      "change_message": ""
   }
},
{
   "model": "admin.logentry",
   "pk": 46,
   "fields": {
      "action_time": "2022-09-13T05:25:37.037Z",
      "user": 1,
      "content_type": 11,
      "object_id": "1",
      "object_repr": "Pants",
      "action_flag": 2,
      "change_message": "[{\"added\": {\"name\": \"attribute product\", \"object\": \"AttributeProduct object (9)\"}}, {\"added\": {\"name\": \"attribute product\", \"object\": \"AttributeProduct object (10)\"}}, {\"added\": {\"name\": \"attribute product\", \"object\": \"AttributeProduct object (11)\"}}, {\"added\": {\"name\": \"attribute product\", \"object\": \"AttributeProduct object (12)\"}}, {\"added\": {\"name\": \"attribute product\", \"object\": \"AttributeProduct object (13)\"}}]"
   }
},
{
   "model": "admin.logentry",
   "pk": 47,
   "fields": {
      "action_time": "2022-09-13T05:26:06.125Z",
      "user": 1,
      "content_type": 11,
      "object_id": "2",
      "object_repr": "skirt",
      "action_flag": 2,
      "change_message": "[{\"added\": {\"name\": \"attribute product\", \"object\": \"AttributeProduct object (14)\"}}, {\"added\": {\"name\": \"attribute product\", \"object\": \"AttributeProduct object (15)\"}}, {\"added\": {\"name\": \"attribute product\", \"object\": \"AttributeProduct object (16)\"}}]"
   }
},
{
   "model": "admin.logentry",
   "pk": 48,
   "fields": {
      "action_time": "2022-09-13T05:27:55.574Z",
      "user": 1,
      "content_type": 10,
      "object_id": "7",
      "object_repr": "test4",
      "action_flag": 3,
      "change_message": ""
   }
},
{
   "model": "admin.logentry",
   "pk": 49,
   "fields": {
      "action_time": "2022-09-13T06:35:13.366Z",
      "user": 1,
      "content_type": 15,
      "object_id": "5",
      "object_repr": "Hijab",
      "action_flag": 2,
      "change_message": "[{\"changed\": {\"name\": \"attribute value\", \"object\": \"Hijab\", \"fields\": [\"Value\"]}}, {\"changed\": {\"name\": \"attribute value\", \"object\": \"nohijab\", \"fields\": [\"Value\"]}}]"
   }
},
{
   "model": "admin.logentry",
   "pk": 50,
   "fields": {
      "action_time": "2022-09-13T07:06:00.401Z",
      "user": 1,
      "content_type": 15,
      "object_id": "6",
      "object_repr": "brand",
      "action_flag": 1,
      "change_message": "[{\"added\": {}}, {\"added\": {\"name\": \"attribute value\", \"object\": \"Adida\"}}, {\"added\": {\"name\": \"attribute value\", \"object\": \"nike\"}}]"
   }
},
{
   "model": "admin.logentry",
   "pk": 51,
   "fields": {
      "action_time": "2022-09-13T07:06:48.313Z",
      "user": 1,
      "content_type": 11,
      "object_id": "1",
      "object_repr": "Pants",
      "action_flag": 2,
      "change_message": "[{\"added\": {\"name\": \"attribute product\", \"object\": \"AttributeProduct object (17)\"}}]"
   }
},
{
   "model": "admin.logentry",
   "pk": 52,
   "fields": {
      "action_time": "2022-09-13T12:25:09.244Z",
      "user": 1,
      "content_type": 10,
      "object_id": "16",
      "object_repr": "sdfsdf",
      "action_flag": 1,
      "change_message": "[{\"added\": {}}]"
   }
},
{
   "model": "admin.logentry",
   "pk": 53,
   "fields": {
      "action_time": "2022-09-13T12:25:52.969Z",
      "user": 1,
      "content_type": 10,
      "object_id": "16",
      "object_repr": "sdfsdf",
      "action_flag": 3,
      "change_message": ""
   }
},
{
   "model": "admin.logentry",
   "pk": 54,
   "fields": {
      "action_time": "2022-09-13T12:25:52.970Z",
      "user": 1,
      "content_type": 10,
      "object_id": "15",
      "object_repr": "sfasdf",
      "action_flag": 3,
      "change_message": ""
   }
},
{
   "model": "admin.logentry",
   "pk": 55,
   "fields": {
      "action_time": "2022-09-13T12:26:33.152Z",
      "user": 1,
      "content_type": 10,
      "object_id": "17",
      "object_repr": "yy",
      "action_flag": 1,
      "change_message": "[{\"added\": {}}]"
   }
},
{
   "model": "admin.logentry",
   "pk": 56,
   "fields": {
      "action_time": "2022-09-13T12:27:23.192Z",
      "user": 1,
      "content_type": 10,
      "object_id": "17",
      "object_repr": "yy",
      "action_flag": 3,
      "change_message": ""
   }
},
{
   "model": "admin.logentry",
   "pk": 57,
   "fields": {
      "action_time": "2022-09-13T12:27:35.457Z",
      "user": 1,
      "content_type": 10,
      "object_id": "18",
      "object_repr": "sdfsadf",
      "action_flag": 1,
      "change_message": "[{\"added\": {}}]"
   }
},
{
   "model": "admin.logentry",
   "pk": 58,
   "fields": {
      "action_time": "2022-09-13T12:28:27.480Z",
      "user": 1,
      "content_type": 10,
      "object_id": "18",
      "object_repr": "sdfsadfsfdaf",
      "action_flag": 2,
      "change_message": "[{\"changed\": {\"fields\": [\"Name\"]}}]"
   }
},
{
   "model": "admin.logentry",
   "pk": 59,
   "fields": {
      "action_time": "2022-09-13T12:29:41.446Z",
      "user": 1,
      "content_type": 10,
      "object_id": "18",
      "object_repr": "sdfsadfsfdaf",
      "action_flag": 2,
      "change_message": "[]"
   }
},
{
   "model": "admin.logentry",
   "pk": 60,
   "fields": {
      "action_time": "2022-09-13T12:31:23.010Z",
      "user": 1,
      "content_type": 10,
      "object_id": "18",
      "object_repr": "sdfsadfsfdaf",
      "action_flag": 2,
      "change_message": "[]"
   }
},
{
   "model": "admin.logentry",
   "pk": 61,
   "fields": {
      "action_time": "2022-09-13T12:31:27.873Z",
      "user": 1,
      "content_type": 10,
      "object_id": "18",
      "object_repr": "sdfsadfsfdaf",
      "action_flag": 2,
      "change_message": "[]"
   }
},
{
   "model": "admin.logentry",
   "pk": 62,
   "fields": {
      "action_time": "2022-09-13T12:31:30.972Z",
      "user": 1,
      "content_type": 10,
      "object_id": "18",
      "object_repr": "sdfsadfsfdaf",
      "action_flag": 2,
      "change_message": "[]"
   }
},
{
   "model": "admin.logentry",
   "pk": 63,
   "fields": {
      "action_time": "2022-09-13T13:04:07.653Z",
      "user": 1,
      "content_type": 10,
      "object_id": "14",
      "object_repr": "British colombia",
      "action_flag": 3,
      "change_message": ""
   }
},
{
   "model": "admin.logentry",
   "pk": 64,
   "fields": {
      "action_time": "2022-09-13T13:04:07.654Z",
      "user": 1,
      "content_type": 10,
      "object_id": "18",
      "object_repr": "sdfsadfsfdaf",
      "action_flag": 3,
      "change_message": ""
   }
},
{
   "model": "admin.logentry",
   "pk": 65,
   "fields": {
      "action_time": "2022-09-15T13:19:22.368Z",
      "user": 1,
      "content_type": 10,
      "object_id": "21",
      "object_repr": "pants 15",
      "action_flag": 2,
      "change_message": "[{\"changed\": {\"fields\": [\"Description\"]}}]"
   }
},
{
   "model": "admin.logentry",
   "pk": 66,
   "fields": {
      "action_time": "2022-09-18T17:23:38.678Z",
      "user": 1,
      "content_type": 11,
      "object_id": "2",
      "object_repr": "skirt",
      "action_flag": 2,
      "change_message": "[{\"added\": {\"name\": \"attribute product\", \"object\": \"AttributeProduct object (18)\"}}]"
   }
},
{
   "model": "admin.logentry",
   "pk": 67,
   "fields": {
      "action_time": "2022-11-30T11:38:55.354Z",
      "user": 1,
      "content_type": 13,
      "object_id": "2",
      "object_repr": "skirt",
      "action_flag": 2,
      "change_message": "[{\"changed\": {\"fields\": [\"Parent\"]}}]"
   }
},
{
   "model": "admin.logentry",
   "pk": 68,
   "fields": {
      "action_time": "2022-11-30T11:41:14.484Z",
      "user": 1,
      "content_type": 13,
      "object_id": "3",
      "object_repr": "adsf",
      "action_flag": 1,
      "change_message": "[{\"added\": {}}]"
   }
},
{
   "model": "admin.logentry",
   "pk": 69,
   "fields": {
      "action_time": "2022-11-30T12:07:01.627Z",
      "user": 1,
      "content_type": 13,
      "object_id": "1",
      "object_repr": "pants",
      "action_flag": 2,
      "change_message": "[{\"changed\": {\"fields\": [\"Parent\"]}}]"
   }
},
{
   "model": "admin.logentry",
   "pk": 70,
   "fields": {
      "action_time": "2022-11-30T12:15:26.026Z",
      "user": 1,
      "content_type": 13,
      "object_id": "2",
      "object_repr": "skirt",
      "action_flag": 2,
      "change_message": "[{\"changed\": {\"fields\": [\"parent\", \"lft\", \"rght\", \"level\"]}}]"
   }
},
{
   "model": "admin.logentry",
   "pk": 71,
   "fields": {
      "action_time": "2022-11-30T12:25:05.333Z",
      "user": 1,
      "content_type": 15,
      "object_id": "6",
      "object_repr": "brand",
      "action_flag": 2,
      "change_message": "[{\"added\": {\"name\": \"attribute value\", \"object\": \"coca\"}}]"
   }
},
{
   "model": "admin.logentry",
   "pk": 72,
   "fields": {
      "action_time": "2022-11-30T12:25:19.598Z",
      "user": 1,
      "content_type": 15,
      "object_id": "6",
      "object_repr": "brand",
      "action_flag": 2,
      "change_message": "[{\"added\": {\"name\": \"attribute value\", \"object\": \"ALL Mins\"}}]"
   }
},
{
   "model": "admin.logentry",
   "pk": 73,
   "fields": {
      "action_time": "2022-12-01T20:09:05.237Z",
      "user": 1,
      "content_type": 15,
      "object_id": "6",
      "object_repr": "brand",
      "action_flag": 2,
      "change_message": "[{\"added\": {\"name\": \"attribute value\", \"object\": \"sfs\"}}]"
   }
},
{
   "model": "admin.logentry",
   "pk": 74,
   "fields": {
      "action_time": "2022-12-01T20:12:42.670Z",
      "user": 1,
      "content_type": 15,
      "object_id": "6",
      "object_repr": "brand",
      "action_flag": 2,
      "change_message": "[{\"added\": {\"name\": \"attribute value\", \"object\": \"sdfasdf\"}}]"
   }
},
{
   "model": "admin.logentry",
   "pk": 75,
   "fields": {
      "action_time": "2022-12-01T20:15:56.224Z",
      "user": 1,
      "content_type": 15,
      "object_id": "6",
      "object_repr": "brand",
      "action_flag": 2,
      "change_message": "[{\"added\": {\"name\": \"attribute value\", \"object\": \"dfhdhdf\"}}]"
   }
},
{
   "model": "admin.logentry",
   "pk": 76,
   "fields": {
      "action_time": "2022-12-01T20:19:56.892Z",
      "user": 1,
      "content_type": 15,
      "object_id": "6",
      "object_repr": "brand",
      "action_flag": 2,
      "change_message": "[{\"added\": {\"name\": \"attribute value\", \"object\": \"Pencil Skirt Tapered Skirt\"}}]"
   }
},
{
   "model": "admin.logentry",
   "pk": 77,
   "fields": {
      "action_time": "2022-12-05T14:50:35.096Z",
      "user": 1,
      "content_type": 15,
      "object_id": "7",
      "object_repr": "brand",
      "action_flag": 1,
      "change_message": "[{\"added\": {}}]"
   }
},
{
   "model": "admin.logentry",
   "pk": 78,
   "fields": {
      "action_time": "2022-12-05T14:54:04.490Z",
      "user": 1,
      "content_type": 15,
      "object_id": "7",
      "object_repr": "bran",
      "action_flag": 2,
      "change_message": "[{\"changed\": {\"fields\": [\"Name\"]}}]"
   }
},
{
   "model": "admin.logentry",
   "pk": 79,
   "fields": {
      "action_time": "2022-12-05T15:01:22.189Z",
      "user": 1,
      "content_type": 15,
      "object_id": "8",
      "object_repr": "brand",
      "action_flag": 1,
      "change_message": "[{\"added\": {}}]"
   }
},
{
   "model": "admin.logentry",
   "pk": 80,
   "fields": {
      "action_time": "2022-12-05T15:01:41.834Z",
      "user": 1,
      "content_type": 15,
      "object_id": "9",
      "object_repr": "prise",
      "action_flag": 1,
      "change_message": "[{\"added\": {}}]"
   }
},
{
   "model": "admin.logentry",
   "pk": 81,
   "fields": {
      "action_time": "2022-12-05T15:01:51.053Z",
      "user": 1,
      "content_type": 15,
      "object_id": "10",
      "object_repr": "prise",
      "action_flag": 1,
      "change_message": "[{\"added\": {}}]"
   }
},
{
   "model": "admin.logentry",
   "pk": 82,
   "fields": {
      "action_time": "2022-12-05T15:02:30.384Z",
      "user": 1,
      "content_type": 15,
      "object_id": "11",
      "object_repr": "color",
      "action_flag": 1,
      "change_message": "[{\"added\": {}}]"
   }
},
{
   "model": "admin.logentry",
   "pk": 83,
   "fields": {
      "action_time": "2022-12-05T15:12:39.769Z",
      "user": 1,
      "content_type": 15,
      "object_id": "3",
      "object_repr": "Material",
      "action_flag": 2,
      "change_message": "[{\"added\": {\"name\": \"attribute value\", \"object\": \"Cotton\"}}]"
   }
},
{
   "model": "auth.permission",
   "pk": 1,
   "fields": {
      "name": "Can add log entry",
      "content_type": 1,
      "codename": "add_logentry"
   }
},
{
   "model": "auth.permission",
   "pk": 2,
   "fields": {
      "name": "Can change log entry",
      "content_type": 1,
      "codename": "change_logentry"
   }
},
{
   "model": "auth.permission",
   "pk": 3,
   "fields": {
      "name": "Can delete log entry",
      "content_type": 1,
      "codename": "delete_logentry"
   }
},
{
   "model": "auth.permission",
   "pk": 4,
   "fields": {
      "name": "Can view log entry",
      "content_type": 1,
      "codename": "view_logentry"
   }
},
{
   "model": "auth.permission",
   "pk": 5,
   "fields": {
      "name": "Can add permission",
      "content_type": 2,
      "codename": "add_permission"
   }
},
{
   "model": "auth.permission",
   "pk": 6,
   "fields": {
      "name": "Can change permission",
      "content_type": 2,
      "codename": "change_permission"
   }
},
{
   "model": "auth.permission",
   "pk": 7,
   "fields": {
      "name": "Can delete permission",
      "content_type": 2,
      "codename": "delete_permission"
   }
},
{
   "model": "auth.permission",
   "pk": 8,
   "fields": {
      "name": "Can view permission",
      "content_type": 2,
      "codename": "view_permission"
   }
},
{
   "model": "auth.permission",
   "pk": 9,
   "fields": {
      "name": "Can add group",
      "content_type": 3,
      "codename": "add_group"
   }
},
{
   "model": "auth.permission",
   "pk": 10,
   "fields": {
      "name": "Can change group",
      "content_type": 3,
      "codename": "change_group"
   }
},
{
   "model": "auth.permission",
   "pk": 11,
   "fields": {
      "name": "Can delete group",
      "content_type": 3,
      "codename": "delete_group"
   }
},
{
   "model": "auth.permission",
   "pk": 12,
   "fields": {
      "name": "Can view group",
      "content_type": 3,
      "codename": "view_group"
   }
},
{
   "model": "auth.permission",
   "pk": 13,
   "fields": {
      "name": "Can add content type",
      "content_type": 4,
      "codename": "add_contenttype"
   }
},
{
   "model": "auth.permission",
   "pk": 14,
   "fields": {
      "name": "Can change content type",
      "content_type": 4,
      "codename": "change_contenttype"
   }
},
{
   "model": "auth.permission",
   "pk": 15,
   "fields": {
      "name": "Can delete content type",
      "content_type": 4,
      "codename": "delete_contenttype"
   }
},
{
   "model": "auth.permission",
   "pk": 16,
   "fields": {
      "name": "Can view content type",
      "content_type": 4,
      "codename": "view_contenttype"
   }
},
{
   "model": "auth.permission",
   "pk": 17,
   "fields": {
      "name": "Can add session",
      "content_type": 5,
      "codename": "add_session"
   }
},
{
   "model": "auth.permission",
   "pk": 18,
   "fields": {
      "name": "Can change session",
      "content_type": 5,
      "codename": "change_session"
   }
},
{
   "model": "auth.permission",
   "pk": 19,
   "fields": {
      "name": "Can delete session",
      "content_type": 5,
      "codename": "delete_session"
   }
},
{
   "model": "auth.permission",
   "pk": 20,
   "fields": {
      "name": "Can view session",
      "content_type": 5,
      "codename": "view_session"
   }
},
{
   "model": "auth.permission",
   "pk": 21,
   "fields": {
      "name": "Can add Token",
      "content_type": 6,
      "codename": "add_token"
   }
},
{
   "model": "auth.permission",
   "pk": 22,
   "fields": {
      "name": "Can change Token",
      "content_type": 6,
      "codename": "change_token"
   }
},
{
   "model": "auth.permission",
   "pk": 23,
   "fields": {
      "name": "Can delete Token",
      "content_type": 6,
      "codename": "delete_token"
   }
},
{
   "model": "auth.permission",
   "pk": 24,
   "fields": {
      "name": "Can view Token",
      "content_type": 6,
      "codename": "view_token"
   }
},
{
   "model": "auth.permission",
   "pk": 25,
   "fields": {
      "name": "Can add token",
      "content_type": 7,
      "codename": "add_tokenproxy"
   }
},
{
   "model": "auth.permission",
   "pk": 26,
   "fields": {
      "name": "Can change token",
      "content_type": 7,
      "codename": "change_tokenproxy"
   }
},
{
   "model": "auth.permission",
   "pk": 27,
   "fields": {
      "name": "Can delete token",
      "content_type": 7,
      "codename": "delete_tokenproxy"
   }
},
{
   "model": "auth.permission",
   "pk": 28,
   "fields": {
      "name": "Can view token",
      "content_type": 7,
      "codename": "view_tokenproxy"
   }
},
{
   "model": "auth.permission",
   "pk": 29,
   "fields": {
      "name": "Can add user",
      "content_type": 8,
      "codename": "add_user"
   }
},
{
   "model": "auth.permission",
   "pk": 30,
   "fields": {
      "name": "Can change user",
      "content_type": 8,
      "codename": "change_user"
   }
},
{
   "model": "auth.permission",
   "pk": 31,
   "fields": {
      "name": "Can delete user",
      "content_type": 8,
      "codename": "delete_user"
   }
},
{
   "model": "auth.permission",
   "pk": 32,
   "fields": {
      "name": "Can view user",
      "content_type": 8,
      "codename": "view_user"
   }
},
{
   "model": "auth.permission",
   "pk": 33,
   "fields": {
      "name": "Can add user profile",
      "content_type": 9,
      "codename": "add_userprofile"
   }
},
{
   "model": "auth.permission",
   "pk": 34,
   "fields": {
      "name": "Can change user profile",
      "content_type": 9,
      "codename": "change_userprofile"
   }
},
{
   "model": "auth.permission",
   "pk": 35,
   "fields": {
      "name": "Can delete user profile",
      "content_type": 9,
      "codename": "delete_userprofile"
   }
},
{
   "model": "auth.permission",
   "pk": 36,
   "fields": {
      "name": "Can view user profile",
      "content_type": 9,
      "codename": "view_userprofile"
   }
},
{
   "model": "auth.permission",
   "pk": 37,
   "fields": {
      "name": "Can add product",
      "content_type": 10,
      "codename": "add_product"
   }
},
{
   "model": "auth.permission",
   "pk": 38,
   "fields": {
      "name": "Can change product",
      "content_type": 10,
      "codename": "change_product"
   }
},
{
   "model": "auth.permission",
   "pk": 39,
   "fields": {
      "name": "Can delete product",
      "content_type": 10,
      "codename": "delete_product"
   }
},
{
   "model": "auth.permission",
   "pk": 40,
   "fields": {
      "name": "Can view product",
      "content_type": 10,
      "codename": "view_product"
   }
},
{
   "model": "auth.permission",
   "pk": 41,
   "fields": {
      "name": "Can add product type",
      "content_type": 11,
      "codename": "add_producttype"
   }
},
{
   "model": "auth.permission",
   "pk": 42,
   "fields": {
      "name": "Can change product type",
      "content_type": 11,
      "codename": "change_producttype"
   }
},
{
   "model": "auth.permission",
   "pk": 43,
   "fields": {
      "name": "Can delete product type",
      "content_type": 11,
      "codename": "delete_producttype"
   }
},
{
   "model": "auth.permission",
   "pk": 44,
   "fields": {
      "name": "Can view product type",
      "content_type": 11,
      "codename": "view_producttype"
   }
},
{
   "model": "auth.permission",
   "pk": 45,
   "fields": {
      "name": "Can add product media",
      "content_type": 12,
      "codename": "add_productmedia"
   }
},
{
   "model": "auth.permission",
   "pk": 46,
   "fields": {
      "name": "Can change product media",
      "content_type": 12,
      "codename": "change_productmedia"
   }
},
{
   "model": "auth.permission",
   "pk": 47,
   "fields": {
      "name": "Can delete product media",
      "content_type": 12,
      "codename": "delete_productmedia"
   }
},
{
   "model": "auth.permission",
   "pk": 48,
   "fields": {
      "name": "Can view product media",
      "content_type": 12,
      "codename": "view_productmedia"
   }
},
{
   "model": "auth.permission",
   "pk": 49,
   "fields": {
      "name": "Can add product category",
      "content_type": 13,
      "codename": "add_productcategory"
   }
},
{
   "model": "auth.permission",
   "pk": 50,
   "fields": {
      "name": "Can change product category",
      "content_type": 13,
      "codename": "change_productcategory"
   }
},
{
   "model": "auth.permission",
   "pk": 51,
   "fields": {
      "name": "Can delete product category",
      "content_type": 13,
      "codename": "delete_productcategory"
   }
},
{
   "model": "auth.permission",
   "pk": 52,
   "fields": {
      "name": "Can view product category",
      "content_type": 13,
      "codename": "view_productcategory"
   }
},
{
   "model": "auth.permission",
   "pk": 53,
   "fields": {
      "name": "Can add assigned product attribute",
      "content_type": 14,
      "codename": "add_assignedproductattribute"
   }
},
{
   "model": "auth.permission",
   "pk": 54,
   "fields": {
      "name": "Can change assigned product attribute",
      "content_type": 14,
      "codename": "change_assignedproductattribute"
   }
},
{
   "model": "auth.permission",
   "pk": 55,
   "fields": {
      "name": "Can delete assigned product attribute",
      "content_type": 14,
      "codename": "delete_assignedproductattribute"
   }
},
{
   "model": "auth.permission",
   "pk": 56,
   "fields": {
      "name": "Can view assigned product attribute",
      "content_type": 14,
      "codename": "view_assignedproductattribute"
   }
},
{
   "model": "auth.permission",
   "pk": 57,
   "fields": {
      "name": "Can add attribute",
      "content_type": 15,
      "codename": "add_attribute"
   }
},
{
   "model": "auth.permission",
   "pk": 58,
   "fields": {
      "name": "Can change attribute",
      "content_type": 15,
      "codename": "change_attribute"
   }
},
{
   "model": "auth.permission",
   "pk": 59,
   "fields": {
      "name": "Can delete attribute",
      "content_type": 15,
      "codename": "delete_attribute"
   }
},
{
   "model": "auth.permission",
   "pk": 60,
   "fields": {
      "name": "Can view attribute",
      "content_type": 15,
      "codename": "view_attribute"
   }
},
{
   "model": "auth.permission",
   "pk": 61,
   "fields": {
      "name": "Can add attribute value",
      "content_type": 16,
      "codename": "add_attributevalue"
   }
},
{
   "model": "auth.permission",
   "pk": 62,
   "fields": {
      "name": "Can change attribute value",
      "content_type": 16,
      "codename": "change_attributevalue"
   }
},
{
   "model": "auth.permission",
   "pk": 63,
   "fields": {
      "name": "Can delete attribute value",
      "content_type": 16,
      "codename": "delete_attributevalue"
   }
},
{
   "model": "auth.permission",
   "pk": 64,
   "fields": {
      "name": "Can view attribute value",
      "content_type": 16,
      "codename": "view_attributevalue"
   }
},
{
   "model": "auth.permission",
   "pk": 65,
   "fields": {
      "name": "Can add attribute product",
      "content_type": 17,
      "codename": "add_attributeproduct"
   }
},
{
   "model": "auth.permission",
   "pk": 66,
   "fields": {
      "name": "Can change attribute product",
      "content_type": 17,
      "codename": "change_attributeproduct"
   }
},
{
   "model": "auth.permission",
   "pk": 67,
   "fields": {
      "name": "Can delete attribute product",
      "content_type": 17,
      "codename": "delete_attributeproduct"
   }
},
{
   "model": "auth.permission",
   "pk": 68,
   "fields": {
      "name": "Can view attribute product",
      "content_type": 17,
      "codename": "view_attributeproduct"
   }
},
{
   "model": "auth.permission",
   "pk": 69,
   "fields": {
      "name": "Can add assigned product attribute value",
      "content_type": 18,
      "codename": "add_assignedproductattributevalue"
   }
},
{
   "model": "auth.permission",
   "pk": 70,
   "fields": {
      "name": "Can change assigned product attribute value",
      "content_type": 18,
      "codename": "change_assignedproductattributevalue"
   }
},
{
   "model": "auth.permission",
   "pk": 71,
   "fields": {
      "name": "Can delete assigned product attribute value",
      "content_type": 18,
      "codename": "delete_assignedproductattributevalue"
   }
},
{
   "model": "auth.permission",
   "pk": 72,
   "fields": {
      "name": "Can view assigned product attribute value",
      "content_type": 18,
      "codename": "view_assignedproductattributevalue"
   }
},
{
   "model": "auth.permission",
   "pk": 73,
   "fields": {
      "name": "Can add backup history",
      "content_type": 19,
      "codename": "add_backuphistory"
   }
},
{
   "model": "auth.permission",
   "pk": 74,
   "fields": {
      "name": "Can change backup history",
      "content_type": 19,
      "codename": "change_backuphistory"
   }
},
{
   "model": "auth.permission",
   "pk": 75,
   "fields": {
      "name": "Can delete backup history",
      "content_type": 19,
      "codename": "delete_backuphistory"
   }
},
{
   "model": "auth.permission",
   "pk": 76,
   "fields": {
      "name": "Can view backup history",
      "content_type": 19,
      "codename": "view_backuphistory"
   }
},
{
   "model": "contenttypes.contenttype",
   "pk": 1,
   "fields": {
      "app_label": "admin",
      "model": "logentry"
   }
},
{
   "model": "contenttypes.contenttype",
   "pk": 2,
   "fields": {
      "app_label": "auth",
      "model": "permission"
   }
},
{
   "model": "contenttypes.contenttype",
   "pk": 3,
   "fields": {
      "app_label": "auth",
      "model": "group"
   }
},
{
   "model": "contenttypes.contenttype",
   "pk": 4,
   "fields": {
      "app_label": "contenttypes",
      "model": "contenttype"
   }
},
{
   "model": "contenttypes.contenttype",
   "pk": 5,
   "fields": {
      "app_label": "sessions",
      "model": "session"
   }
},
{
   "model": "contenttypes.contenttype",
   "pk": 6,
   "fields": {
      "app_label": "authtoken",
      "model": "token"
   }
},
{
   "model": "contenttypes.contenttype",
   "pk": 7,
   "fields": {
      "app_label": "authtoken",
      "model": "tokenproxy"
   }
},
{
   "model": "contenttypes.contenttype",
   "pk": 8,
   "fields": {
      "app_label": "account",
      "model": "user"
   }
},
{
   "model": "contenttypes.contenttype",
   "pk": 9,
   "fields": {
      "app_label": "account",
      "model": "userprofile"
   }
},
{
   "model": "contenttypes.contenttype",
   "pk": 10,
   "fields": {
      "app_label": "product",
      "model": "product"
   }
},
{
   "model": "contenttypes.contenttype",
   "pk": 11,
   "fields": {
      "app_label": "product",
      "model": "producttype"
   }
},
{
   "model": "contenttypes.contenttype",
   "pk": 12,
   "fields": {
      "app_label": "product",
      "model": "productmedia"
   }
},
{
   "model": "contenttypes.contenttype",
   "pk": 13,
   "fields": {
      "app_label": "product",
      "model": "productcategory"
   }
},
{
   "model": "contenttypes.contenttype",
   "pk": 14,
   "fields": {
      "app_label": "attribute",
      "model": "assignedproductattribute"
   }
},
{
   "model": "contenttypes.contenttype",
   "pk": 15,
   "fields": {
      "app_label": "attribute",
      "model": "attribute"
   }
},
{
   "model": "contenttypes.contenttype",
   "pk": 16,
   "fields": {
      "app_label": "attribute",
      "model": "attributevalue"
   }
},
{
   "model": "contenttypes.contenttype",
   "pk": 17,
   "fields": {
      "app_label": "attribute",
      "model": "attributeproduct"
   }
},
{
   "model": "contenttypes.contenttype",
   "pk": 18,
   "fields": {
      "app_label": "attribute",
      "model": "assignedproductattributevalue"
   }
},
{
   "model": "contenttypes.contenttype",
   "pk": 19,
   "fields": {
      "app_label": "backupp",
      "model": "backuphistory"
   }
},
{
   "model": "sessions.session",
   "pk": "4xs3etwpiiy7810ly5fupc6g98sbb3g6",
   "fields": {
      "session_data": ".eJxVjDEOwyAQBP9CHaHDNpxJmd5vQHcHCk4ikIxdRfl7bMlF0myxM7tvFWhbc9haWsIc1VUZdfntmOSZygHig8q9aqllXWbWh6JP2vRUY3rdTvfvIFPL-xrH0QoICTDFyM4JUO8YO2-ZgYjFWAbEHpEYfOeMH4QR2Rg77KE-X_k0N9o:1p2dx3:j8AQqZVj1Ucd4NGFRvnZMwMHMxYzi3zPVtRmHa_x56E",
      "expire_date": "2022-12-20T19:50:01.046Z"
   }
},
{
   "model": "sessions.session",
   "pk": "7akkm0vp5q6755j5xmdb7qilmxmc44fv",
   "fields": {
      "session_data": ".eJxVjMsOwiAQRf-FtSG8EZfu-w1kGAapGkhKuzL-uzbpQrf3nHNfLMK21rgNWuKc2YVJdvrdEuCD2g7yHdqtc-xtXebEd4UfdPCpZ3peD_fvoMKo31pQCKhRObIOzhIs2GTRKBTgUOkiiseifPJGksEcnCZjjczSuFAUBfb-AOdsN9M:1oXyN7:70wBYBu3udVOkUDRDC0ACL2IdqeiipVQ2v8uulT-o2M",
      "expire_date": "2022-09-27T05:22:09.597Z"
   }
},
{
   "model": "sessions.session",
   "pk": "8cc3wpn6bnw4newv1yzp0pxljq4dxupe",
   "fields": {
      "session_data": ".eJxVjDEOwyAQBP9CHaHDNpxJmd5vQHcHCk4ikIxdRfl7bMlF0myxM7tvFWhbc9haWsIc1VUZdfntmOSZygHig8q9aqllXWbWh6JP2vRUY3rdTvfvIFPL-xrH0QoICTDFyM4JUO8YO2-ZgYjFWAbEHpEYfOeMH4QR2Rg77KE-X_k0N9o:1p0prS:2aazYlHQpKI6ArHeG5XBEdTjLkUe3uNr1X5JIYPq85w",
      "expire_date": "2022-12-15T20:08:46.240Z"
   }
},
{
   "model": "sessions.session",
   "pk": "atxh4vi1zba0t54kg9qkspx52o2ktscq",
   "fields": {
      "session_data": ".eJxVjMsOwiAQRf-FtSG8EZfu-w1kGAapGkhKuzL-uzbpQrf3nHNfLMK21rgNWuKc2YVJdvrdEuCD2g7yHdqtc-xtXebEd4UfdPCpZ3peD_fvoMKo31pQCKhRObIOzhIs2GTRKBTgUOkiiseifPJGksEcnCZjjczSuFAUBfb-AOdsN9M:1oWZtm:NYR1IINRR9Oe3aVJqHJwNSZ0zDLEbMOfHYzEfiY4C-E",
      "expire_date": "2022-09-23T09:02:06.331Z"
   }
},
{
   "model": "sessions.session",
   "pk": "dhb593js0n31843v8u3ktdcp93g6qxl4",
   "fields": {
      "session_data": ".eJxVjDEOwyAQBP9CHaHDNpxJmd5vQHcHCk4ikIxdRfl7bMlF0myxM7tvFWhbc9haWsIc1VUZdfntmOSZygHig8q9aqllXWbWh6JP2vRUY3rdTvfvIFPL-xrH0QoICTDFyM4JUO8YO2-ZgYjFWAbEHpEYfOeMH4QR2Rg77KE-X_k0N9o:1p2CdP:enQl5T32CG4gKlVz-PsHM3cQB9sR7G6vlsb4y3HmcMc",
      "expire_date": "2022-12-19T14:39:55.388Z"
   }
},
{
   "model": "sessions.session",
   "pk": "lhu7xymw6k6xz4pdk5cf5ca9dhyxg3h9",
   "fields": {
      "session_data": ".eJxVjMsOwiAQRf-FtSG8EZfu-w1kGAapGkhKuzL-uzbpQrf3nHNfLMK21rgNWuKc2YVJdvrdEuCD2g7yHdqtc-xtXebEd4UfdPCpZ3peD_fvoMKo31pQCKhRObIOzhIs2GTRKBTgUOkiiseifPJGksEcnCZjjczSuFAUBfb-AOdsN9M:1oYhDq:DyNFPmoYLIKq-Gt7zHNnmnTTm5QiLHkzfYB55TdCboQ",
      "expire_date": "2022-09-29T05:15:34.570Z"
   }
},
{
   "model": "sessions.session",
   "pk": "m7bzmd61rbvx9qvtbshp446yry148q8k",
   "fields": {
      "session_data": ".eJxVjDEOwyAQBP9CHaHDNpxJmd5vQHcHCk4ikIxdRfl7bMlF0myxM7tvFWhbc9haWsIc1VUZdfntmOSZygHig8q9aqllXWbWh6JP2vRUY3rdTvfvIFPL-xrH0QoICTDFyM4JUO8YO2-ZgYjFWAbEHpEYfOeMH4QR2Rg77KE-X_k0N9o:1p2YAi:rSgvO7KyGd1wCv5e47ZD97s0YM9c4D8iIfglXWVSeFk",
      "expire_date": "2022-12-20T13:39:44.266Z"
   }
},
{
   "model": "sessions.session",
   "pk": "tsc3baef1tn1zncpzv6zykw3bc1m9e7y",
   "fields": {
      "session_data": ".eJxVjDEOwyAQBP9CHaHDNpxJmd5vQHcHCk4ikIxdRfl7bMlF0myxM7tvFWhbc9haWsIc1VUZdfntmOSZygHig8q9aqllXWbWh6JP2vRUY3rdTvfvIFPL-xrH0QoICTDFyM4JUO8YO2-ZgYjFWAbEHpEYfOeMH4QR2Rg77KE-X_k0N9o:1p0LQD:4aHr1Y6mlyZDslH6oc-gqmKzMGIPbh-voALWCMg3hcQ",
      "expire_date": "2022-12-14T11:38:37.869Z"
   }
},
{
   "model": "sessions.session",
   "pk": "ysoypiyxsvjgnqy6aht8euy29k3yv3e3",
   "fields": {
      "session_data": ".eJxVjMsOwiAQRf-FtSG8EZfu-w1kGAapGkhKuzL-uzbpQrf3nHNfLMK21rgNWuKc2YVJdvrdEuCD2g7yHdqtc-xtXebEd4UfdPCpZ3peD_fvoMKo31pQCKhRObIOzhIs2GTRKBTgUOkiiseifPJGksEcnCZjjczSuFAUBfb-AOdsN9M:1oVwhi:1qx93iX2GnypHWykikls5tEV1tnp5B-GfkAgLwuZDAE",
      "expire_date": "2022-09-21T15:11:02.545Z"
   }
},
{
   "model": "authtoken.token",
   "pk": "ed45fa81194078f49e83836b4795c2a894de1a59",
   "fields": {
      "user": 1,
      "created": "2022-09-06T14:41:21.752Z"
   }
},
{
   "model": "account.user",
   "pk": 1,
   "fields": {
      "password": "pbkdf2_sha256$260000$dWGplnDORxoAK2HDlhANhs$No/t4uJiL9W+XT2++dEkj2f/weFsKp7vUz1cLc9jz+w=",
      "last_login": "2022-12-06T19:50:01.044Z",
      "is_superuser": true,
      "email": "s.tohidi22@gmail.com",
      "username": "tohidi",
      "is_staff": true,
      "date_joined": "2022-09-06T14:41:21.572Z",
      "is_active": true,
      "groups": [],
      "user_permissions": []
   }
},
{
   "model": "account.userprofile",
   "pk": 1,
   "fields": {
      "user": 1,
      "first_name": null,
      "last_name": null,
      "picture": "",
      "created_at": "2022-09-06T14:41:21.753Z",
      "updated_at": "2022-09-06T14:41:21.753Z"
   }
},
{
   "model": "product.productcategory",
   "pk": 1,
   "fields": {
      "name": "pants",
      "slug": "pants",
      "description": "",
      "parent": 3,
      "background_image": "",
      "background_image_alt": "",
      "seo_title": "pants",
      "seo_description": "pants",
      "lft": 4,
      "rght": 5,
      "tree_id": 2,
      "level": 1
   }
},
{
   "model": "product.productcategory",
   "pk": 2,
   "fields": {
      "name": "skirt",
      "slug": "skirt",
      "description": "",
      "parent": 3,
      "background_image": "",
      "background_image_alt": "",
      "seo_title": "skirt",
      "seo_description": "skirt",
      "lft": 2,
      "rght": 3,
      "tree_id": 2,
      "level": 1
   }
},
{
   "model": "product.productcategory",
   "pk": 3,
   "fields": {
      "name": "adsf",
      "slug": "adsf",
      "description": "asdf",
      "parent": null,
      "background_image": "",
      "background_image_alt": "",
      "seo_title": "sf",
      "seo_description": "adsf",
      "lft": 1,
      "rght": 6,
      "tree_id": 2,
      "level": 0
   }
},
{
   "model": "product.producttype",
   "pk": 1,
   "fields": {
      "name": "Pants",
      "slug": "pants"
   }
},
{
   "model": "product.producttype",
   "pk": 2,
   "fields": {
      "name": "skirt",
      "slug": "skirt"
   }
},
{
   "model": "product.product",
   "pk": 8,
   "fields": {
      "seo_title": null,
      "seo_description": null,
      "product_type": 1,
      "product_category": 1,
      "name": "test5",
      "main_image": "products/n2_1ZhxNg1.jpeg",
      "slug": "test5",
      "description": "",
      "currency": "USD",
      "price_amount": "0.00",
      "shopping_url": null,
      "created_at": "2022-09-13T05:49:27.044Z",
      "updated_at": "2022-09-13T05:49:27.053Z"
   }
},
{
   "model": "product.product",
   "pk": 9,
   "fields": {
      "seo_title": null,
      "seo_description": null,
      "product_type": 1,
      "product_category": 1,
      "name": "pants2",
      "main_image": "products/pants2_WAeBEEy.jpeg",
      "slug": "pants4",
      "description": "",
      "currency": "USD",
      "price_amount": "0.00",
      "shopping_url": null,
      "created_at": "2022-09-13T06:35:26.228Z",
      "updated_at": "2022-09-13T06:35:26.239Z"
   }
},
{
   "model": "product.product",
   "pk": 10,
   "fields": {
      "seo_title": null,
      "seo_description": null,
      "product_type": 1,
      "product_category": 1,
      "name": "pants3",
      "main_image": "products/pants1_2uR5APS.jpeg",
      "slug": "pants3",
      "description": "",
      "currency": "USD",
      "price_amount": "0.00",
      "shopping_url": null,
      "created_at": "2022-09-13T06:44:54.267Z",
      "updated_at": "2022-09-13T06:44:54.278Z"
   }
},
{
   "model": "product.product",
   "pk": 11,
   "fields": {
      "seo_title": null,
      "seo_description": null,
      "product_type": 2,
      "product_category": 2,
      "name": "skirt1",
      "main_image": "products/skirt1_k4Z0Tq5.jpeg",
      "slug": "skirt1-KcqVC",
      "description": "<p><br></p>",
      "currency": "USD",
      "price_amount": "0.00",
      "shopping_url": null,
      "created_at": "2022-09-13T06:47:43.124Z",
      "updated_at": "2022-09-18T17:25:25.049Z"
   }
},
{
   "model": "product.product",
   "pk": 12,
   "fields": {
      "seo_title": null,
      "seo_description": null,
      "product_type": 1,
      "product_category": 1,
      "name": "pants5",
      "main_image": "products/pants1_K6YtWA0.jpeg",
      "slug": "pants5",
      "description": "",
      "currency": "USD",
      "price_amount": "0.00",
      "shopping_url": null,
      "created_at": "2022-09-13T06:59:19.308Z",
      "updated_at": "2022-09-13T06:59:19.319Z"
   }
},
{
   "model": "product.product",
   "pk": 13,
   "fields": {
      "seo_title": null,
      "seo_description": null,
      "product_type": 1,
      "product_category": 1,
      "name": "pants 10",
      "main_image": "products/pants1_9tHDZmN.jpeg",
      "slug": "pants10",
      "description": "",
      "currency": "USD",
      "price_amount": "0.00",
      "shopping_url": null,
      "created_at": "2022-09-13T07:08:29.935Z",
      "updated_at": "2022-09-13T07:08:29.947Z"
   }
},
{
   "model": "product.product",
   "pk": 19,
   "fields": {
      "seo_title": null,
      "seo_description": null,
      "product_type": 2,
      "product_category": 1,
      "name": "pants 14",
      "main_image": "products/style_ss3a3mz.jpeg",
      "slug": "pants-14-9ovu9",
      "description": "",
      "currency": "USD",
      "price_amount": "0.00",
      "shopping_url": null,
      "created_at": "2022-09-15T05:17:58.677Z",
      "updated_at": "2022-09-15T09:06:39.553Z"
   }
},
{
   "model": "product.product",
   "pk": 20,
   "fields": {
      "seo_title": null,
      "seo_description": null,
      "product_type": 2,
      "product_category": 2,
      "name": "skirt 1",
      "main_image": "products/skirt1_034oWLJ.jpeg",
      "slug": "skirt-1-NM3xJ",
      "description": "",
      "currency": "USD",
      "price_amount": "0.00",
      "shopping_url": null,
      "created_at": "2022-09-15T09:08:52.168Z",
      "updated_at": "2022-09-15T09:08:52.174Z"
   }
},
{
   "model": "product.product",
   "pk": 21,
   "fields": {
      "seo_title": null,
      "seo_description": null,
      "product_type": 1,
      "product_category": 1,
      "name": "pants 15",
      "main_image": "products/pants2_6OKdDqS.jpeg",
      "slug": "pants-15-WPMDV",
      "description": "<p>sdfgsdfg</p>",
      "currency": "USD",
      "price_amount": "0.00",
      "shopping_url": null,
      "created_at": "2022-09-15T09:09:37.030Z",
      "updated_at": "2022-09-15T13:39:48.682Z"
   }
},
{
   "model": "product.product",
   "pk": 22,
   "fields": {
      "seo_title": null,
      "seo_description": null,
      "product_type": 1,
      "product_category": 1,
      "name": "pants 16",
      "main_image": "products/pants1_PwU7dfz.jpeg",
      "slug": "pants-16-LQfQC",
      "description": "<p>asdfsdf</p>",
      "currency": "USD",
      "price_amount": "0.00",
      "shopping_url": null,
      "created_at": "2022-09-15T13:42:47.875Z",
      "updated_at": "2022-09-15T13:43:54.784Z"
   }
},
{
   "model": "product.product",
   "pk": 23,
   "fields": {
      "seo_title": null,
      "seo_description": null,
      "product_type": 2,
      "product_category": 1,
      "name": "British colombia",
      "main_image": "products/Screen_Shot_1401-03-25_at_15.38.10.png",
      "slug": "british-colombia-RMqZy",
      "description": "<p>asdfasdf</p>",
      "currency": "USD",
      "price_amount": "0.00",
      "shopping_url": null,
      "created_at": "2022-09-15T13:44:27.463Z",
      "updated_at": "2022-09-17T06:17:53.848Z"
   }
},
{
   "model": "product.product",
   "pk": 24,
   "fields": {
      "seo_title": null,
      "seo_description": null,
      "product_type": 2,
      "product_category": 1,
      "name": "pants 4646",
      "main_image": "products/man_3.jpeg",
      "slug": "pants-4646-RuR4Z",
      "description": "<p>sdfasdf</p><h1><strong>asdfasdf</strong></h1><p><br></p><p><a href=\"www.google.com\" rel=\"noopener noreferrer\" target=\"_blank\">test</a></p>",
      "currency": "USD",
      "price_amount": "0.00",
      "shopping_url": null,
      "created_at": "2022-09-15T13:45:07.979Z",
      "updated_at": "2022-09-15T13:47:11.060Z"
   }
},
{
   "model": "product.product",
   "pk": 25,
   "fields": {
      "seo_title": null,
      "seo_description": null,
      "product_type": 2,
      "product_category": 2,
      "name": "British colombia",
      "main_image": "products/n3_uPBw8Mo.jpeg",
      "slug": "british-colombia-WFUro",
      "description": "<p>sdfasf</p>",
      "currency": "TTD",
      "price_amount": "33.00",
      "shopping_url": "asdfasdf",
      "created_at": "2022-09-17T05:16:05.360Z",
      "updated_at": "2022-09-17T05:36:15.695Z"
   }
},
{
   "model": "product.product",
   "pk": 26,
   "fields": {
      "seo_title": null,
      "seo_description": null,
      "product_type": 1,
      "product_category": 1,
      "name": "fdghdfghdfg",
      "main_image": "products/n2_UudwWmf.jpeg",
      "slug": "fdghdfghdfg-BxWwt",
      "description": "<p>asdf</p>",
      "currency": "KZT",
      "price_amount": "344.00",
      "shopping_url": "www.google.comgfhdfh",
      "created_at": "2022-09-17T05:37:28.376Z",
      "updated_at": "2022-09-17T06:31:37.101Z"
   }
},
{
   "model": "product.product",
   "pk": 27,
   "fields": {
      "seo_title": null,
      "seo_description": null,
      "product_type": 1,
      "product_category": 1,
      "name": "xcbvxcvbdfhgh",
      "main_image": "products/pocket2_JaARFPA.jpeg",
      "slug": "xcbvxcvbdfhgh-NYXF5",
      "description": "<p>xcvb</p>",
      "currency": "AED",
      "price_amount": "234.00",
      "shopping_url": "cbxvcb",
      "created_at": "2022-09-17T06:32:09.170Z",
      "updated_at": "2022-09-17T07:21:36.105Z"
   }
},
{
   "model": "attribute.attribute",
   "pk": 1,
   "fields": {
      "slug": "color",
      "name": "color",
      "image_value": false,
      "input_type": "oneselect",
      "value_required": false
   }
},
{
   "model": "attribute.attribute",
   "pk": 2,
   "fields": {
      "slug": "length",
      "name": "length",
      "image_value": true,
      "input_type": "oneselect",
      "value_required": false
   }
},
{
   "model": "attribute.attribute",
   "pk": 3,
   "fields": {
      "slug": "material",
      "name": "Material",
      "image_value": false,
      "input_type": "multiselect",
      "value_required": true
   }
},
{
   "model": "attribute.attribute",
   "pk": 4,
   "fields": {
      "slug": "pocket",
      "name": "Pocket",
      "image_value": true,
      "input_type": "multiselect",
      "value_required": false
   }
},
{
   "model": "attribute.attribute",
   "pk": 5,
   "fields": {
      "slug": "hijab",
      "name": "Hijab",
      "image_value": false,
      "input_type": "boolean",
      "value_required": true
   }
},
{
   "model": "attribute.attribute",
   "pk": 6,
   "fields": {
      "slug": "brand",
      "name": "brand",
      "image_value": false,
      "input_type": "oneselect",
      "value_required": true
   }
},
{
   "model": "attribute.attribute",
   "pk": 7,
   "fields": {
      "slug": "bran-qatu",
      "name": "bran",
      "image_value": false,
      "input_type": "oneselect",
      "value_required": false
   }
},
{
   "model": "attribute.attribute",
   "pk": 8,
   "fields": {
      "slug": "brandeJOz",
      "name": "brand",
      "image_value": false,
      "input_type": "oneselect",
      "value_required": false
   }
},
{
   "model": "attribute.attribute",
   "pk": 9,
   "fields": {
      "slug": "prise",
      "name": "prise",
      "image_value": false,
      "input_type": "oneselect",
      "value_required": false
   }
},
{
   "model": "attribute.attribute",
   "pk": 10,
   "fields": {
      "slug": "priseeIu3",
      "name": "prise",
      "image_value": false,
      "input_type": "oneselect",
      "value_required": false
   }
},
{
   "model": "attribute.attribute",
   "pk": 11,
   "fields": {
      "slug": "color-tSCy",
      "name": "color",
      "image_value": false,
      "input_type": "oneselect",
      "value_required": false
   }
},
{
   "model": "attribute.attributevalue",
   "pk": 1,
   "fields": {
      "name": "yellow",
      "picture": "",
      "value": "yellow",
      "slug": "yellow",
      "attribute": 1,
      "boolean": null
   }
},
{
   "model": "attribute.attributevalue",
   "pk": 2,
   "fields": {
      "name": "red",
      "picture": "",
      "value": "red",
      "slug": "red",
      "attribute": 1,
      "boolean": null
   }
},
{
   "model": "attribute.attributevalue",
   "pk": 3,
   "fields": {
      "name": "short",
      "picture": "skirt1.jpeg",
      "value": "short",
      "slug": "short",
      "attribute": 2,
      "boolean": null
   }
},
{
   "model": "attribute.attributevalue",
   "pk": 4,
   "fields": {
      "name": "midi",
      "picture": "pants2.jpeg",
      "value": "midi",
      "slug": "midi",
      "attribute": 2,
      "boolean": null
   }
},
{
   "model": "attribute.attributevalue",
   "pk": 5,
   "fields": {
      "name": "Wool",
      "picture": "",
      "value": "wool",
      "slug": "wool",
      "attribute": 3,
      "boolean": null
   }
},
{
   "model": "attribute.attributevalue",
   "pk": 6,
   "fields": {
      "name": "Cotton",
      "picture": "",
      "value": "cotton",
      "slug": "cotton",
      "attribute": 3,
      "boolean": null
   }
},
{
   "model": "attribute.attributevalue",
   "pk": 7,
   "fields": {
      "name": "pocket2",
      "picture": "pocket2.jpeg",
      "value": "pocket2",
      "slug": "pocket2",
      "attribute": 4,
      "boolean": null
   }
},
{
   "model": "attribute.attributevalue",
   "pk": 8,
   "fields": {
      "name": "pocket1",
      "picture": "pocket1.png",
      "value": "pocket1",
      "slug": "pocket1",
      "attribute": 4,
      "boolean": null
   }
},
{
   "model": "attribute.attributevalue",
   "pk": 9,
   "fields": {
      "name": "Hijab",
      "picture": "",
      "value": "true",
      "slug": "hijab",
      "attribute": 5,
      "boolean": true
   }
},
{
   "model": "attribute.attributevalue",
   "pk": 10,
   "fields": {
      "name": "nohijab",
      "picture": "",
      "value": "false",
      "slug": "nohijab",
      "attribute": 5,
      "boolean": false
   }
},
{
   "model": "attribute.attributevalue",
   "pk": 11,
   "fields": {
      "name": "Adida",
      "picture": "",
      "value": "adidas",
      "slug": "adidas",
      "attribute": 6,
      "boolean": null
   }
},
{
   "model": "attribute.attributevalue",
   "pk": 12,
   "fields": {
      "name": "nike",
      "picture": "",
      "value": "nike",
      "slug": "nike",
      "attribute": 6,
      "boolean": null
   }
},
{
   "model": "attribute.attributevalue",
   "pk": 13,
   "fields": {
      "name": "coca",
      "picture": "",
      "value": "coca",
      "slug": "coca",
      "attribute": 6,
      "boolean": null
   }
},
{
   "model": "attribute.attributevalue",
   "pk": 14,
   "fields": {
      "name": "ALL Mins",
      "picture": "",
      "value": "all mins",
      "slug": "all-mins",
      "attribute": 6,
      "boolean": null
   }
},
{
   "model": "attribute.attributevalue",
   "pk": 15,
   "fields": {
      "name": "sfs",
      "picture": "Petticoat_Skirt_for_Gown.png",
      "value": "sfs",
      "slug": "sfs",
      "attribute": 6,
      "boolean": null
   }
},
{
   "model": "attribute.attributevalue",
   "pk": 16,
   "fields": {
      "name": "sdfasdf",
      "picture": "Micro_Shorts.Hot_Pants.png",
      "value": "sdfasdf",
      "slug": "sdfasdf",
      "attribute": 6,
      "boolean": null
   }
},
{
   "model": "attribute.attributevalue",
   "pk": 17,
   "fields": {
      "name": "dfhdhdf",
      "picture": "Micro_Shorts.Hot_Pants_S4DLFl7.png",
      "value": "dfhdhdf",
      "slug": "dfhdhdf",
      "attribute": 6,
      "boolean": null
   }
},
{
   "model": "attribute.attributevalue",
   "pk": 18,
   "fields": {
      "name": "Pencil Skirt Tapered Skirt",
      "picture": "Pencil_Skirt.Tapered_Skirt.png",
      "value": "pencil-skirt-tapered-skirt",
      "slug": "pencil-skirt-tapered-skirt",
      "attribute": 6,
      "boolean": null
   }
},
{
   "model": "attribute.attributevalue",
   "pk": 19,
   "fields": {
      "name": "Cotton",
      "picture": "",
      "value": "cotton-UdkB",
      "slug": "cotton-UdkB",
      "attribute": 3,
      "boolean": null
   }
},
{
   "model": "attribute.assignedproductattribute",
   "pk": 10,
   "fields": {
      "product": 8,
      "assignment": 9
   }
},
{
   "model": "attribute.assignedproductattribute",
   "pk": 11,
   "fields": {
      "product": 8,
      "assignment": 10
   }
},
{
   "model": "attribute.assignedproductattribute",
   "pk": 12,
   "fields": {
      "product": 8,
      "assignment": 11
   }
},
{
   "model": "attribute.assignedproductattribute",
   "pk": 13,
   "fields": {
      "product": 8,
      "assignment": 12
   }
},
{
   "model": "attribute.assignedproductattribute",
   "pk": 14,
   "fields": {
      "product": 9,
      "assignment": 9
   }
},
{
   "model": "attribute.assignedproductattribute",
   "pk": 15,
   "fields": {
      "product": 9,
      "assignment": 10
   }
},
{
   "model": "attribute.assignedproductattribute",
   "pk": 16,
   "fields": {
      "product": 9,
      "assignment": 11
   }
},
{
   "model": "attribute.assignedproductattribute",
   "pk": 17,
   "fields": {
      "product": 9,
      "assignment": 12
   }
},
{
   "model": "attribute.assignedproductattribute",
   "pk": 18,
   "fields": {
      "product": 9,
      "assignment": 13
   }
},
{
   "model": "attribute.assignedproductattribute",
   "pk": 19,
   "fields": {
      "product": 10,
      "assignment": 9
   }
},
{
   "model": "attribute.assignedproductattribute",
   "pk": 20,
   "fields": {
      "product": 10,
      "assignment": 10
   }
},
{
   "model": "attribute.assignedproductattribute",
   "pk": 21,
   "fields": {
      "product": 10,
      "assignment": 11
   }
},
{
   "model": "attribute.assignedproductattribute",
   "pk": 22,
   "fields": {
      "product": 10,
      "assignment": 12
   }
},
{
   "model": "attribute.assignedproductattribute",
   "pk": 23,
   "fields": {
      "product": 10,
      "assignment": 13
   }
},
{
   "model": "attribute.assignedproductattribute",
   "pk": 24,
   "fields": {
      "product": 11,
      "assignment": 14
   }
},
{
   "model": "attribute.assignedproductattribute",
   "pk": 25,
   "fields": {
      "product": 11,
      "assignment": 15
   }
},
{
   "model": "attribute.assignedproductattribute",
   "pk": 26,
   "fields": {
      "product": 11,
      "assignment": 16
   }
},
{
   "model": "attribute.assignedproductattribute",
   "pk": 27,
   "fields": {
      "product": 12,
      "assignment": 9
   }
},
{
   "model": "attribute.assignedproductattribute",
   "pk": 28,
   "fields": {
      "product": 12,
      "assignment": 10
   }
},
{
   "model": "attribute.assignedproductattribute",
   "pk": 29,
   "fields": {
      "product": 12,
      "assignment": 11
   }
},
{
   "model": "attribute.assignedproductattribute",
   "pk": 30,
   "fields": {
      "product": 12,
      "assignment": 12
   }
},
{
   "model": "attribute.assignedproductattribute",
   "pk": 31,
   "fields": {
      "product": 12,
      "assignment": 13
   }
},
{
   "model": "attribute.assignedproductattribute",
   "pk": 32,
   "fields": {
      "product": 13,
      "assignment": 9
   }
},
{
   "model": "attribute.assignedproductattribute",
   "pk": 33,
   "fields": {
      "product": 13,
      "assignment": 10
   }
},
{
   "model": "attribute.assignedproductattribute",
   "pk": 34,
   "fields": {
      "product": 13,
      "assignment": 11
   }
},
{
   "model": "attribute.assignedproductattribute",
   "pk": 35,
   "fields": {
      "product": 13,
      "assignment": 12
   }
},
{
   "model": "attribute.assignedproductattribute",
   "pk": 36,
   "fields": {
      "product": 13,
      "assignment": 13
   }
},
{
   "model": "attribute.assignedproductattribute",
   "pk": 37,
   "fields": {
      "product": 13,
      "assignment": 17
   }
},
{
   "model": "attribute.assignedproductattribute",
   "pk": 128,
   "fields": {
      "product": 19,
      "assignment": 14
   }
},
{
   "model": "attribute.assignedproductattribute",
   "pk": 129,
   "fields": {
      "product": 19,
      "assignment": 15
   }
},
{
   "model": "attribute.assignedproductattribute",
   "pk": 130,
   "fields": {
      "product": 19,
      "assignment": 16
   }
},
{
   "model": "attribute.assignedproductattribute",
   "pk": 131,
   "fields": {
      "product": 20,
      "assignment": 14
   }
},
{
   "model": "attribute.assignedproductattribute",
   "pk": 132,
   "fields": {
      "product": 20,
      "assignment": 15
   }
},
{
   "model": "attribute.assignedproductattribute",
   "pk": 133,
   "fields": {
      "product": 20,
      "assignment": 16
   }
},
{
   "model": "attribute.assignedproductattribute",
   "pk": 134,
   "fields": {
      "product": 21,
      "assignment": 9
   }
},
{
   "model": "attribute.assignedproductattribute",
   "pk": 135,
   "fields": {
      "product": 21,
      "assignment": 10
   }
},
{
   "model": "attribute.assignedproductattribute",
   "pk": 136,
   "fields": {
      "product": 21,
      "assignment": 11
   }
},
{
   "model": "attribute.assignedproductattribute",
   "pk": 137,
   "fields": {
      "product": 21,
      "assignment": 17
   }
},
{
   "model": "attribute.assignedproductattribute",
   "pk": 138,
   "fields": {
      "product": 21,
      "assignment": 12
   }
},
{
   "model": "attribute.assignedproductattribute",
   "pk": 139,
   "fields": {
      "product": 21,
      "assignment": 13
   }
},
{
   "model": "attribute.assignedproductattribute",
   "pk": 140,
   "fields": {
      "product": 22,
      "assignment": 9
   }
},
{
   "model": "attribute.assignedproductattribute",
   "pk": 141,
   "fields": {
      "product": 22,
      "assignment": 10
   }
},
{
   "model": "attribute.assignedproductattribute",
   "pk": 142,
   "fields": {
      "product": 22,
      "assignment": 11
   }
},
{
   "model": "attribute.assignedproductattribute",
   "pk": 143,
   "fields": {
      "product": 22,
      "assignment": 12
   }
},
{
   "model": "attribute.assignedproductattribute",
   "pk": 144,
   "fields": {
      "product": 22,
      "assignment": 13
   }
},
{
   "model": "attribute.assignedproductattribute",
   "pk": 145,
   "fields": {
      "product": 22,
      "assignment": 17
   }
},
{
   "model": "attribute.assignedproductattribute",
   "pk": 146,
   "fields": {
      "product": 23,
      "assignment": 14
   }
},
{
   "model": "attribute.assignedproductattribute",
   "pk": 147,
   "fields": {
      "product": 23,
      "assignment": 15
   }
},
{
   "model": "attribute.assignedproductattribute",
   "pk": 148,
   "fields": {
      "product": 23,
      "assignment": 16
   }
},
{
   "model": "attribute.assignedproductattribute",
   "pk": 149,
   "fields": {
      "product": 24,
      "assignment": 14
   }
},
{
   "model": "attribute.assignedproductattribute",
   "pk": 150,
   "fields": {
      "product": 24,
      "assignment": 15
   }
},
{
   "model": "attribute.assignedproductattribute",
   "pk": 151,
   "fields": {
      "product": 24,
      "assignment": 16
   }
},
{
   "model": "attribute.assignedproductattribute",
   "pk": 152,
   "fields": {
      "product": 26,
      "assignment": 9
   }
},
{
   "model": "attribute.assignedproductattribute",
   "pk": 153,
   "fields": {
      "product": 26,
      "assignment": 10
   }
},
{
   "model": "attribute.assignedproductattribute",
   "pk": 154,
   "fields": {
      "product": 26,
      "assignment": 11
   }
},
{
   "model": "attribute.assignedproductattribute",
   "pk": 155,
   "fields": {
      "product": 26,
      "assignment": 12
   }
},
{
   "model": "attribute.assignedproductattribute",
   "pk": 156,
   "fields": {
      "product": 26,
      "assignment": 13
   }
},
{
   "model": "attribute.assignedproductattribute",
   "pk": 157,
   "fields": {
      "product": 26,
      "assignment": 17
   }
},
{
   "model": "attribute.assignedproductattribute",
   "pk": 158,
   "fields": {
      "product": 27,
      "assignment": 11
   }
},
{
   "model": "attribute.assignedproductattribute",
   "pk": 159,
   "fields": {
      "product": 27,
      "assignment": 13
   }
},
{
   "model": "attribute.assignedproductattribute",
   "pk": 160,
   "fields": {
      "product": 27,
      "assignment": 17
   }
},
{
   "model": "attribute.assignedproductattribute",
   "pk": 161,
   "fields": {
      "product": 27,
      "assignment": 12
   }
},
{
   "model": "attribute.assignedproductattribute",
   "pk": 162,
   "fields": {
      "product": 11,
      "assignment": 18
   }
},
{
   "model": "attribute.attributeproduct",
   "pk": 9,
   "fields": {
      "attribute": 1,
      "product_type": 1
   }
},
{
   "model": "attribute.attributeproduct",
   "pk": 10,
   "fields": {
      "attribute": 2,
      "product_type": 1
   }
},
{
   "model": "attribute.attributeproduct",
   "pk": 11,
   "fields": {
      "attribute": 3,
      "product_type": 1
   }
},
{
   "model": "attribute.attributeproduct",
   "pk": 12,
   "fields": {
      "attribute": 4,
      "product_type": 1
   }
},
{
   "model": "attribute.attributeproduct",
   "pk": 13,
   "fields": {
      "attribute": 5,
      "product_type": 1
   }
},
{
   "model": "attribute.attributeproduct",
   "pk": 14,
   "fields": {
      "attribute": 1,
      "product_type": 2
   }
},
{
   "model": "attribute.attributeproduct",
   "pk": 15,
   "fields": {
      "attribute": 2,
      "product_type": 2
   }
},
{
   "model": "attribute.attributeproduct",
   "pk": 16,
   "fields": {
      "attribute": 3,
      "product_type": 2
   }
},
{
   "model": "attribute.attributeproduct",
   "pk": 17,
   "fields": {
      "attribute": 6,
      "product_type": 1
   }
},
{
   "model": "attribute.attributeproduct",
   "pk": 18,
   "fields": {
      "attribute": 6,
      "product_type": 2
   }
},
{
   "model": "attribute.assignedproductattributevalue",
   "pk": 10,
   "fields": {
      "value": 2,
      "assignment": 10
   }
},
{
   "model": "attribute.assignedproductattributevalue",
   "pk": 11,
   "fields": {
      "value": 3,
      "assignment": 11
   }
},
{
   "model": "attribute.assignedproductattributevalue",
   "pk": 12,
   "fields": {
      "value": 6,
      "assignment": 12
   }
},
{
   "model": "attribute.assignedproductattributevalue",
   "pk": 13,
   "fields": {
      "value": 8,
      "assignment": 13
   }
},
{
   "model": "attribute.assignedproductattributevalue",
   "pk": 14,
   "fields": {
      "value": 1,
      "assignment": 14
   }
},
{
   "model": "attribute.assignedproductattributevalue",
   "pk": 15,
   "fields": {
      "value": 3,
      "assignment": 15
   }
},
{
   "model": "attribute.assignedproductattributevalue",
   "pk": 16,
   "fields": {
      "value": 5,
      "assignment": 16
   }
},
{
   "model": "attribute.assignedproductattributevalue",
   "pk": 17,
   "fields": {
      "value": 8,
      "assignment": 17
   }
},
{
   "model": "attribute.assignedproductattributevalue",
   "pk": 18,
   "fields": {
      "value": 9,
      "assignment": 18
   }
},
{
   "model": "attribute.assignedproductattributevalue",
   "pk": 19,
   "fields": {
      "value": 1,
      "assignment": 19
   }
},
{
   "model": "attribute.assignedproductattributevalue",
   "pk": 20,
   "fields": {
      "value": 4,
      "assignment": 20
   }
},
{
   "model": "attribute.assignedproductattributevalue",
   "pk": 21,
   "fields": {
      "value": 6,
      "assignment": 21
   }
},
{
   "model": "attribute.assignedproductattributevalue",
   "pk": 22,
   "fields": {
      "value": 8,
      "assignment": 22
   }
},
{
   "model": "attribute.assignedproductattributevalue",
   "pk": 23,
   "fields": {
      "value": 9,
      "assignment": 23
   }
},
{
   "model": "attribute.assignedproductattributevalue",
   "pk": 24,
   "fields": {
      "value": 1,
      "assignment": 24
   }
},
{
   "model": "attribute.assignedproductattributevalue",
   "pk": 25,
   "fields": {
      "value": 3,
      "assignment": 25
   }
},
{
   "model": "attribute.assignedproductattributevalue",
   "pk": 26,
   "fields": {
      "value": 5,
      "assignment": 26
   }
},
{
   "model": "attribute.assignedproductattributevalue",
   "pk": 27,
   "fields": {
      "value": 6,
      "assignment": 26
   }
},
{
   "model": "attribute.assignedproductattributevalue",
   "pk": 28,
   "fields": {
      "value": 2,
      "assignment": 27
   }
},
{
   "model": "attribute.assignedproductattributevalue",
   "pk": 29,
   "fields": {
      "value": 4,
      "assignment": 28
   }
},
{
   "model": "attribute.assignedproductattributevalue",
   "pk": 30,
   "fields": {
      "value": 5,
      "assignment": 29
   }
},
{
   "model": "attribute.assignedproductattributevalue",
   "pk": 31,
   "fields": {
      "value": 6,
      "assignment": 29
   }
},
{
   "model": "attribute.assignedproductattributevalue",
   "pk": 32,
   "fields": {
      "value": 7,
      "assignment": 30
   }
},
{
   "model": "attribute.assignedproductattributevalue",
   "pk": 33,
   "fields": {
      "value": 8,
      "assignment": 30
   }
},
{
   "model": "attribute.assignedproductattributevalue",
   "pk": 34,
   "fields": {
      "value": 9,
      "assignment": 31
   }
},
{
   "model": "attribute.assignedproductattributevalue",
   "pk": 35,
   "fields": {
      "value": 2,
      "assignment": 32
   }
},
{
   "model": "attribute.assignedproductattributevalue",
   "pk": 36,
   "fields": {
      "value": 3,
      "assignment": 33
   }
},
{
   "model": "attribute.assignedproductattributevalue",
   "pk": 37,
   "fields": {
      "value": 5,
      "assignment": 34
   }
},
{
   "model": "attribute.assignedproductattributevalue",
   "pk": 38,
   "fields": {
      "value": 6,
      "assignment": 34
   }
},
{
   "model": "attribute.assignedproductattributevalue",
   "pk": 39,
   "fields": {
      "value": 7,
      "assignment": 35
   }
},
{
   "model": "attribute.assignedproductattributevalue",
   "pk": 40,
   "fields": {
      "value": 8,
      "assignment": 35
   }
},
{
   "model": "attribute.assignedproductattributevalue",
   "pk": 41,
   "fields": {
      "value": 9,
      "assignment": 36
   }
},
{
   "model": "attribute.assignedproductattributevalue",
   "pk": 42,
   "fields": {
      "value": 11,
      "assignment": 37
   }
},
{
   "model": "attribute.assignedproductattributevalue",
   "pk": 151,
   "fields": {
      "value": 1,
      "assignment": 128
   }
},
{
   "model": "attribute.assignedproductattributevalue",
   "pk": 152,
   "fields": {
      "value": 3,
      "assignment": 129
   }
},
{
   "model": "attribute.assignedproductattributevalue",
   "pk": 153,
   "fields": {
      "value": 5,
      "assignment": 130
   }
},
{
   "model": "attribute.assignedproductattributevalue",
   "pk": 154,
   "fields": {
      "value": 1,
      "assignment": 131
   }
},
{
   "model": "attribute.assignedproductattributevalue",
   "pk": 155,
   "fields": {
      "value": 3,
      "assignment": 132
   }
},
{
   "model": "attribute.assignedproductattributevalue",
   "pk": 156,
   "fields": {
      "value": 5,
      "assignment": 133
   }
},
{
   "model": "attribute.assignedproductattributevalue",
   "pk": 157,
   "fields": {
      "value": 2,
      "assignment": 134
   }
},
{
   "model": "attribute.assignedproductattributevalue",
   "pk": 159,
   "fields": {
      "value": 5,
      "assignment": 136
   }
},
{
   "model": "attribute.assignedproductattributevalue",
   "pk": 160,
   "fields": {
      "value": 11,
      "assignment": 137
   }
},
{
   "model": "attribute.assignedproductattributevalue",
   "pk": 161,
   "fields": {
      "value": 3,
      "assignment": 135
   }
},
{
   "model": "attribute.assignedproductattributevalue",
   "pk": 162,
   "fields": {
      "value": 7,
      "assignment": 138
   }
},
{
   "model": "attribute.assignedproductattributevalue",
   "pk": 163,
   "fields": {
      "value": 8,
      "assignment": 138
   }
},
{
   "model": "attribute.assignedproductattributevalue",
   "pk": 164,
   "fields": {
      "value": 9,
      "assignment": 139
   }
},
{
   "model": "attribute.assignedproductattributevalue",
   "pk": 165,
   "fields": {
      "value": 1,
      "assignment": 140
   }
},
{
   "model": "attribute.assignedproductattributevalue",
   "pk": 166,
   "fields": {
      "value": 3,
      "assignment": 141
   }
},
{
   "model": "attribute.assignedproductattributevalue",
   "pk": 167,
   "fields": {
      "value": 5,
      "assignment": 142
   }
},
{
   "model": "attribute.assignedproductattributevalue",
   "pk": 168,
   "fields": {
      "value": 7,
      "assignment": 143
   }
},
{
   "model": "attribute.assignedproductattributevalue",
   "pk": 169,
   "fields": {
      "value": 9,
      "assignment": 144
   }
},
{
   "model": "attribute.assignedproductattributevalue",
   "pk": 170,
   "fields": {
      "value": 11,
      "assignment": 145
   }
},
{
   "model": "attribute.assignedproductattributevalue",
   "pk": 171,
   "fields": {
      "value": 1,
      "assignment": 146
   }
},
{
   "model": "attribute.assignedproductattributevalue",
   "pk": 172,
   "fields": {
      "value": 3,
      "assignment": 147
   }
},
{
   "model": "attribute.assignedproductattributevalue",
   "pk": 173,
   "fields": {
      "value": 5,
      "assignment": 148
   }
},
{
   "model": "attribute.assignedproductattributevalue",
   "pk": 174,
   "fields": {
      "value": 1,
      "assignment": 149
   }
},
{
   "model": "attribute.assignedproductattributevalue",
   "pk": 175,
   "fields": {
      "value": 4,
      "assignment": 150
   }
},
{
   "model": "attribute.assignedproductattributevalue",
   "pk": 176,
   "fields": {
      "value": 5,
      "assignment": 151
   }
},
{
   "model": "attribute.assignedproductattributevalue",
   "pk": 177,
   "fields": {
      "value": 2,
      "assignment": 152
   }
},
{
   "model": "attribute.assignedproductattributevalue",
   "pk": 178,
   "fields": {
      "value": 3,
      "assignment": 153
   }
},
{
   "model": "attribute.assignedproductattributevalue",
   "pk": 179,
   "fields": {
      "value": 5,
      "assignment": 154
   }
},
{
   "model": "attribute.assignedproductattributevalue",
   "pk": 180,
   "fields": {
      "value": 7,
      "assignment": 155
   }
},
{
   "model": "attribute.assignedproductattributevalue",
   "pk": 181,
   "fields": {
      "value": 8,
      "assignment": 155
   }
},
{
   "model": "attribute.assignedproductattributevalue",
   "pk": 182,
   "fields": {
      "value": 9,
      "assignment": 156
   }
},
{
   "model": "attribute.assignedproductattributevalue",
   "pk": 183,
   "fields": {
      "value": 12,
      "assignment": 157
   }
},
{
   "model": "attribute.assignedproductattributevalue",
   "pk": 184,
   "fields": {
      "value": 5,
      "assignment": 158
   }
},
{
   "model": "attribute.assignedproductattributevalue",
   "pk": 185,
   "fields": {
      "value": 9,
      "assignment": 159
   }
},
{
   "model": "attribute.assignedproductattributevalue",
   "pk": 186,
   "fields": {
      "value": 12,
      "assignment": 160
   }
},
{
   "model": "attribute.assignedproductattributevalue",
   "pk": 187,
   "fields": {
      "value": 8,
      "assignment": 161
   }
},
{
   "model": "attribute.assignedproductattributevalue",
   "pk": 188,
   "fields": {
      "value": 12,
      "assignment": 162
   }
},
{
   "model": "backupp.backuphistory",
   "pk": 1,
   "fields": {
      "name": "test",
      "file": "output_filename15",
      "created_at": "2022-12-06T20:07:32.129Z",
      "updated_at": "2022-12-06T20:07:32.129Z"
   }
},
{
   "model": "backupp.backuphistory",
   "pk": 2,
   "fields": {
      "name": "test",
      "file": "output_filename15_vWUje7x",
      "created_at": "2022-12-06T20:08:10.225Z",
      "updated_at": "2022-12-06T20:08:10.225Z"
   }
},
{
   "model": "backupp.backuphistory",
   "pk": 3,
   "fields": {
      "name": "test",
      "file": "output_filename15_dfsptG6",
      "created_at": "2022-12-06T20:12:16.157Z",
      "updated_at": "2022-12-06T20:12:16.157Z"
   }
},
{
   "model": "backupp.backuphistory",
   "pk": 4,
   "fields": {
      "name": "test",
      "file": "output_filename15_O2ojygO",
      "created_at": "2022-12-06T20:13:04.748Z",
      "updated_at": "2022-12-06T20:13:04.748Z"
   }
},
{
   "model": "backupp.backuphistory",
   "pk": 5,
   "fields": {
      "name": "test",
      "file": "output_filename15_Arwwg8t",
      "created_at": "2022-12-06T20:14:30.480Z",
      "updated_at": "2022-12-06T20:14:30.480Z"
   }
},
{
   "model": "backupp.backuphistory",
   "pk": 6,
   "fields": {
      "name": "20221206-201750",
      "file": "backups/dumps/20221206-201750.json",
      "created_at": "2022-12-06T20:17:50.301Z",
      "updated_at": "2022-12-06T20:17:50.301Z"
   }
},
{
   "model": "backupp.backuphistory",
   "pk": 7,
   "fields": {
      "name": "22-12-06 20:19",
      "file": "backups/dumps/22-12-06_2019.json",
      "created_at": "2022-12-06T20:19:13.511Z",
      "updated_at": "2022-12-06T20:19:13.511Z"
   }
},
{
   "model": "backupp.backuphistory",
   "pk": 8,
   "fields": {
      "name": "22-12-06, 20:32",
      "file": "backups/dumps/22-12-06_2032.json",
      "created_at": "2022-12-06T20:32:14.744Z",
      "updated_at": "2022-12-06T20:32:14.744Z"
   }
},
{
   "model": "backupp.backuphistory",
   "pk": 9,
   "fields": {
      "name": "22-12-06, 20:33",
      "file": "backups/dumps/22-12-06_2033.json",
      "created_at": "2022-12-06T20:33:53.063Z",
      "updated_at": "2022-12-06T20:33:53.063Z"
   }
},
{
   "model": "backupp.backuphistory",
   "pk": 10,
   "fields": {
      "name": "22-12-06, 20:38",
      "file": "backups/dumps/22-12-06_2038.json",
      "created_at": "2022-12-06T20:38:01.743Z",
      "updated_at": "2022-12-06T20:38:01.743Z"
   }
},
{
   "model": "backupp.backuphistory",
   "pk": 11,
   "fields": {
      "name": "22-12-06, 20:40",
      "file": "backups/dumps/22-12-06_2040.json",
      "created_at": "2022-12-06T20:40:35.949Z",
      "updated_at": "2022-12-06T20:40:35.949Z"
   }
},
{
   "model": "backupp.backuphistory",
   "pk": 12,
   "fields": {
      "name": "22-12-06, 21:18",
      "file": "backupfile/dumpfiles/22-12-06_2118.json",
      "created_at": "2022-12-06T21:18:32.640Z",
      "updated_at": "2022-12-06T21:18:32.640Z"
   }
},
{
   "model": "backupp.backuphistory",
   "pk": 13,
   "fields": {
      "name": "22-12-06, 21:25",
      "file": "backups/dumps/22-12-06_2125.json",
      "created_at": "2022-12-06T21:25:30.110Z",
      "updated_at": "2022-12-06T21:25:30.110Z"
   }
},
{
   "model": "backupp.backuphistory",
   "pk": 14,
   "fields": {
      "name": "22-12-06, 21:28",
      "file": "dumpfile/22-12-06_2128.json",
      "created_at": "2022-12-06T21:28:31.107Z",
      "updated_at": "2022-12-06T21:28:31.107Z"
   }
}
]
